{"63geSxM6EIJY1venIHR7Cw==":"school1-436x191.png","Y12TVZFhiNrDMoCMHq0Xdg==":"school1-1-436x191.png","0j6B4/fZzBbVpA8PUmmEZw==":"school1-2-436x191.png","2j/3heQmtfSZs8vekxRtIA==":"128-the-scottish-church-collegiate-school-952x635.jpg","PI3/lC80caA0xnoFX8eWaw==":"children_school-546x288.png","v5OM1J02ErifoAxaTm5CDw==":"school-kids1-400x126.jpg","3bU3kG9OhPVlJEEVPp/O0w==":"mbr-1620x1080.jpg","+PPxfPv1nhEGLQYJQPOeIQ==":"sccs1996aa%20logo-122x122.jpg","EFl+TZONYO5dAsioJ+ZFBQ==":"slider-pic3-1024x777.jpg","dFINM8Hj4QwGb+hFg+b9Ng==":"slider-pic1-700x467.jpg","cTO97aPObaBzGbFzEpgOLA==":"slider-pic2-1024x683.jpg","ful+jOsbbgbs2YmtqDkFTg==":"slider-pic2-1-1024x683.jpg","4X416xOMyHFOCgyxBT9oFw==":"school1-1523x666.png","uswA2zGmbb9xAXGhapR/Zg==":"schoolfrnds-700x467.jpg","v44JLnuoTFzAldueeZgALQ==":"slider-pic1-490x327.jpg","+Z/te0914JTV2rAyQfZPjA==":"slider-pic3-490x372.jpg","UAInZ/HMTvpFwHEHa6wUMQ==":"slider-pic2-490x327.jpg","qn7K7BuzYpj6DycSeZ37eA==":"slider-pic2-1-490x327.jpg","1AJjCFkoQdsplLz31+7zLQ==":"slider-pic2-2-490x327.jpg","5c1foCk/1k8ydMIe9vZwdQ==":"mbr-490x327.jpg","Sp067AU3OHv4Z5ugxmvxAA==":"mbr-1-490x327.jpg","ihlkf69UyfSmhSyJ1Jvc6w==":"jumbotron.jpg","mTj7b3leAkDPbnD1A6+fjg==":"mbr-1440x1080.jpg","+lIaQ2ctNMThlhI70B88mA==":"mbr-1-1440x1080.jpg","xWqTX8adGaHL7+jtlfaptw==":"mbr-1-1620x1080.jpg","0OOE1Usrtktm437Z/qTMRQ==":"background2.jpg"}