{"63geSxM6EIJY1venIHR7Cw==":"school1-436x191.png","Y12TVZFhiNrDMoCMHq0Xdg==":"school1-1-436x191.png","0j6B4/fZzBbVpA8PUmmEZw==":"school1-2-436x191.png","2j/3heQmtfSZs8vekxRtIA==":"128-the-scottish-church-collegiate-school-952x635.jpg","PI3/lC80caA0xnoFX8eWaw==":"children_school-546x288.png","v5OM1J02ErifoAxaTm5CDw==":"school-kids1-400x126.jpg","3bU3kG9OhPVlJEEVPp/O0w==":"mbr-1620x1080.jpg","+PPxfPv1nhEGLQYJQPOeIQ==":"sccs1996aa%20logo-122x122.jpg","EFl+TZONYO5dAsioJ+ZFBQ==":"slider-pic3-1024x777.jpg","dFINM8Hj4QwGb+hFg+b9Ng==":"slider-pic1-700x467.jpg","cTO97aPObaBzGbFzEpgOLA==":"slider-pic2-1024x683.jpg","ful+jOsbbgbs2YmtqDkFTg==":"slider-pic2-1-1024x683.jpg","4X416xOMyHFOCgyxBT9oFw==":"school1-1523x666.png","uswA2zGmbb9xAXGhapR/Zg==":"schoolfrnds-700x467.jpg","v44JLnuoTFzAldueeZgALQ==":"slider-pic1-490x327.jpg","+Z/te0914JTV2rAyQfZPjA==":"slider-pic3-490x372.jpg","UAInZ/HMTvpFwHEHa6wUMQ==":"slider-pic2-490x327.jpg","qn7K7BuzYpj6DycSeZ37eA==":"slider-pic2-1-490x327.jpg","1AJjCFkoQdsplLz31+7zLQ==":"slider-pic2-2-490x327.jpg","5c1foCk/1k8ydMIe9vZwdQ==":"mbr-490x327.jpg","Sp067AU3OHv4Z5ugxmvxAA==":"mbr-1-490x327.jpg","ihlkf69UyfSmhSyJ1Jvc6w==":"jumbotron.jpg","mTj7b3leAkDPbnD1A6+fjg==":"mbr-1440x1080.jpg","+lIaQ2ctNMThlhI70B88mA==":"mbr-1-1440x1080.jpg","xWqTX8adGaHL7+jtlfaptw==":"mbr-1-1620x1080.jpg","0OOE1Usrtktm437Z/qTMRQ==":"background2.jpg","Py1dSsQNQ822cm5FlIM4IQ==":"mbr-1200x878.jpg","9uty6dpeLM7EZxjhYvWauA==":"mbr-1200x700.jpg","0CR+QQAXbFtKN3XVmDFx+A==":"mbr-1200x800.jpg","ymZV9t79KZlucC+ioc7onA==":"mbr-2-490x327.jpg","wwpmPEt3fN9/7Zu7bkuiDA==":"mbr-3-490x327.jpg","vDRE1x6Uj4zm36dfF2TiKw==":"mbr-1920x1080.jpg","aByb2odDoi5s1YzHtBGfZg==":"social-resp-700x350.jpg","kf/9hTyrtyrDyLpFv+fHKw==":"social-resp-1-700x350.jpg","h0wkd3ldlppKES3o9IJu6Q==":"cultural1-600x400.jpg","uT65syC1UUMcWWWpJLK1Cw==":"teacher-retire-small-414x249.png","nAJGeNOXTKm0SFVtKwSS7A==":"scottish-church-collegiate-school-calcutta-436x582.jpg","ucgbgoOp6UvYXc9iJcC9jw==":"winter-picnic-small-436x291.jpg","3ttznSnJSVUNgcQxy8BMNQ==":"blood-donation-2017-2-small-436x291.jpg","bqs1Af0KIaST+dA0M7AuMQ==":"blood-donation-2017-1-small-436x291.jpg","HtF/VqqhdeILhvG7mMK/Qw==":"school1-small-436x191.png","nHp8sIPQaiJEG4LSYOgqWQ==":"sccs-small-512x342.jpg","yzEe6/1W9fcNBlJOxc2eZQ==":"winter-picnic-small-490x327.jpg","CcxPggxqBfhUlOWF1dAaUg==":"winter-picnic-small-1-490x327.jpg","2IdUYqOjM6ZQZ5jK3Etc4Q==":"teacher-retire-small-1-414x249.png","WXhJd38HocZgNkDxpSdiHw==":"blood-donation-2017-2-small-525x351.jpg","VLLDmymlj8niMs7JvbNlAw==":"winter-picnic-small-512x342.jpg","1yMDuShb0fKqFbwmmTppjQ==":"school1-small-762x333.png","K3cxna2/BPX7sb1STiOaMw==":"blood-donation-2017-1-small-525x351.jpg"}